sequence_length,dimension,standard_attention_ms,kd_tree_attention_ms,speedup,approximation_error
16,64,0,1,0,7.09938e-10
32,64,2,4,0.5,0.00179069
64,64,13,8,1.625,0.00165981
96,64,31,19,1.63158,0.00153342
128,64,67,36,1.86111,0.00138968
160,64,117,53,2.20755,0.00126576
192,64,137,51,2.68627,0.00119355
224,64,201,93,2.16129,0.00110785
256,64,221,78,2.83333,0.00105579
